NOME;LINK;
navegação;#mw-head;
pesquisa;#p-search;
;https://pt.wikipedia.org/wiki/Ficheiro:B3_logo.png;
;https://pt.wikipedia.org/wiki/Ficheiro:Bovespa.jpg;
Cidade de São Paulo;https://pt.wikipedia.org/wiki/S%C3%A3o_Paulo_(cidade);
Brasil;https://pt.wikipedia.org/wiki/Brasil;
8 de maio;https://pt.wikipedia.org/wiki/8_de_maio;
2008;https://pt.wikipedia.org/wiki/2008;
BRL;https://pt.wikipedia.org/wiki/BRL;
Mercado de capitais;https://pt.wikipedia.org/wiki/Mercado_de_capitais;
Website;https://pt.wikipedia.org/wiki/Site;
www.b3.com.br;http://www.b3.com.br/;
bolsa de valores;https://pt.wikipedia.org/wiki/Bolsa_de_valores;
Brasil;https://pt.wikipedia.org/wiki/Brasil;
São Paulo;https://pt.wikipedia.org/wiki/S%C3%A3o_Paulo_(cidade);
Comissão de Valores Mobiliários;https://pt.wikipedia.org/wiki/Comiss%C3%A3o_de_Valores_Mobili%C3%A1rios;
Conselho Administrativo de Defesa Econômica;https://pt.wikipedia.org/wiki/Conselho_Administrativo_de_Defesa_Econ%C3%B4mica;
mercado de capitais;https://pt.wikipedia.org/wiki/Mercado_de_capitais;
financeiro;https://pt.wikipedia.org/wiki/Mercado_financeiro;
Bolsa de Valores do Rio de Janeiro;https://pt.wikipedia.org/wiki/Bolsa_de_Valores_do_Rio_de_Janeiro;
Ibovespa;https://pt.wikipedia.org/wiki/Ibovespa;
valor de mercado;https://pt.wikipedia.org/wiki/Valor_de_mercado;
reais;https://pt.wikipedia.org/wiki/Reais;
Comissão de Valores Mobiliários;https://pt.wikipedia.org/wiki/Comiss%C3%A3o_de_Valores_Mobili%C3%A1rios;
1 História;#História;
1.1 Fundação da Bolsa Livre;#Fundação_da_Bolsa_Livre;
1.2 Integração das bolsas nacionais;#Integração_das_bolsas_nacionais;
1.3 Atentado frustrado;#Atentado_frustrado;
1.4 Fusão entre Bovespa e BM&F;#Fusão_entre_Bovespa_e_BM&F;
1.5 Fusão entre BM&FBOVESPA e CETIP;#Fusão_entre_BM&FBOVESPA_e_CETIP;
2 Estrutura;#Estrutura;
2.1 Escritórios;#Escritórios;
2.2 Índices;#Índices;
2.3 Novo Mercado;#Novo_Mercado;
3 Especulação financeira;#Especulação_financeira;
3.1 Laep;#Laep;
3.2 Bolha do alicate;#Bolha_do_alicate;
4 Ver também;#Ver_também;
5 Referências;#Referências;
6 Ligações externas;#Ligações_externas;
editar;https://pt.wikipedia.org/w/index.php?title=B3_(bolsa_de_valores)&veaction=edit&section=1;
editar código-fonte;https://pt.wikipedia.org/w/index.php?title=B3_(bolsa_de_valores)&action=edit&section=1;
editar;https://pt.wikipedia.org/w/index.php?title=B3_(bolsa_de_valores)&veaction=edit&section=2;
editar código-fonte;https://pt.wikipedia.org/w/index.php?title=B3_(bolsa_de_valores)&action=edit&section=2;
;https://pt.wikipedia.org/wiki/Ficheiro:CentroSaoPaulo.jpg;
;https://pt.wikipedia.org/wiki/Ficheiro:CentroSaoPaulo.jpg;
Pátio do Colégio;https://pt.wikipedia.org/wiki/P%C3%A1tio_do_Col%C3%A9gio;
Emílio Rangel Pestana;https://pt.wikipedia.org/wiki/Em%C3%ADlio_Rangel_Pestana;
Encilhamento;https://pt.wikipedia.org/wiki/Encilhamento;
1895;https://pt.wikipedia.org/wiki/1895;
mercado de capitais;https://pt.wikipedia.org/wiki/Mercado_de_capitais;
1934;https://pt.wikipedia.org/wiki/1934;
Palácio do Café;https://pt.wikipedia.org/wiki/Pal%C3%A1cio_do_Caf%C3%A9;
Pátio do Colégio;https://pt.wikipedia.org/wiki/P%C3%A1tio_do_Col%C3%A9gio;
Brasil;https://pt.wikipedia.org/wiki/Brasil;
corretoras de valores;https://pt.wikipedia.org/wiki/Corretoras_de_valores;
editar;https://pt.wikipedia.org/w/index.php?title=B3_(bolsa_de_valores)&veaction=edit&section=3;
editar código-fonte;https://pt.wikipedia.org/w/index.php?title=B3_(bolsa_de_valores)&action=edit&section=3;
;https://pt.wikipedia.org/wiki/Ficheiro:Bovespa_Traders.jpg;
;https://pt.wikipedia.org/wiki/Ficheiro:Bovespa_Traders.jpg;
fase final do período colonial;https://pt.wikipedia.org/wiki/Imp%C3%A9rio_Portugu%C3%AAs#Mudança_da_Corte_e_Independência_do_Brasil_(1807-1825);
Bolsa de Valores do Rio de Janeiro;https://pt.wikipedia.org/wiki/Bolsa_de_Valores_do_Rio_de_Janeiro;
Crash de 1971;https://pt.wikipedia.org/wiki/Milagre_econ%C3%B4mico_brasileiro#Crash_de_1971;
2º crash de maior impacto;https://pt.wikipedia.org/wiki/Milagre_econ%C3%B4mico_brasileiro#Crash_de_1971;
títulos da dívida pública;https://pt.wikipedia.org/wiki/T%C3%ADtulos_da_d%C3%ADvida_p%C3%BAblica;
Minas-Espírito Santo-Brasília;https://pt.wikipedia.org/wiki/Bolsa_de_Valores_Minas_-_Esp%C3%ADrito_Santo_-_Bras%C3%ADlia;
Extremo Sul;https://pt.wikipedia.org/w/index.php?title=Bolsa_de_Valores_do_Extremo_Sul&action=edit&redlink=1;
Santos;https://pt.wikipedia.org/w/index.php?title=Bolsa_de_Valores_de_Santos&action=edit&redlink=1;
Bahia-Sergipe-Alagoas;https://pt.wikipedia.org/wiki/Bolsa_de_Valores_Bahia-Sergipe-Alagoas;
Pernambuco e Paraíba;https://pt.wikipedia.org/w/index.php?title=Bolsa_de_Valores_Pernambuco_e_Para%C3%ADba&action=edit&redlink=1;
Paraná;https://pt.wikipedia.org/w/index.php?title=Bolsa_de_Valores_do_Paran%C3%A1&action=edit&redlink=1;
Regional;https://pt.wikipedia.org/w/index.php?title=Bolsa_de_Valores_Regional&action=edit&redlink=1;
editar;https://pt.wikipedia.org/w/index.php?title=B3_(bolsa_de_valores)&veaction=edit&section=4;
editar código-fonte;https://pt.wikipedia.org/w/index.php?title=B3_(bolsa_de_valores)&action=edit&section=4;
Polícia Civil de São Paulo;https://pt.wikipedia.org/wiki/Pol%C3%ADcia_Civil_de_S%C3%A3o_Paulo;
sede da bolsa;https://pt.wikipedia.org/wiki/Sede_da_B3;
atentado terrorista;https://pt.wikipedia.org/wiki/Atentado_terrorista;
Primeiro Comando da Capital;https://pt.wikipedia.org/wiki/Primeiro_Comando_da_Capital;
Petronilha;https://pt.wikipedia.org/wiki/Petronilha;
editar;https://pt.wikipedia.org/w/index.php?title=B3_(bolsa_de_valores)&veaction=edit&section=5;
editar código-fonte;https://pt.wikipedia.org/w/index.php?title=B3_(bolsa_de_valores)&action=edit&section=5;
;https://pt.wikipedia.org/wiki/Ficheiro:S%C3%A3o_Paulo_Stock_Exchange_Bovespa_Building.jpg;
;https://pt.wikipedia.org/wiki/Ficheiro:S%C3%A3o_Paulo_Stock_Exchange_Bovespa_Building.jpg;
sede da B3;https://pt.wikipedia.org/wiki/Sede_da_B3;
brasileira;https://pt.wikipedia.org/wiki/Brasil;
corretoras de valores;https://pt.wikipedia.org/wiki/Corretoras_de_valores;
bancos;https://pt.wikipedia.org/wiki/Banco;
ativos;https://pt.wikipedia.org/wiki/Ativo;
ações;https://pt.wikipedia.org/wiki/A%C3%A7%C3%A3o_(bolsa_de_valores);
commodities;https://pt.wikipedia.org/wiki/Commodities;
derivativos;https://pt.wikipedia.org/wiki/Derivativo;
cidade de São Paulo;https://pt.wikipedia.org/wiki/S%C3%A3o_Paulo_(cidade);
taxa de câmbio;https://pt.wikipedia.org/wiki/Taxa_de_c%C3%A2mbio;
juros;https://pt.wikipedia.org/wiki/Juro;
café;https://pt.wikipedia.org/wiki/Caf%C3%A9;
açúcar;https://pt.wikipedia.org/wiki/A%C3%A7%C3%BAcar;
soja;https://pt.wikipedia.org/wiki/Soja;
gado;https://pt.wikipedia.org/wiki/Gado;
milho;https://pt.wikipedia.org/wiki/Milho;
ouro;https://pt.wikipedia.org/wiki/Ouro;
empresários;https://pt.wikipedia.org/wiki/Empres%C3%A1rio;
paulistas;https://pt.wikipedia.org/wiki/S%C3%A3o_Paulo;
exportação;https://pt.wikipedia.org/wiki/Exporta%C3%A7%C3%A3o;
comércio;https://pt.wikipedia.org/wiki/Com%C3%A9rcio;
agricultura;https://pt.wikipedia.org/wiki/Agricultura;
café;https://pt.wikipedia.org/wiki/Caf%C3%A9;
boi;https://pt.wikipedia.org/wiki/Boi;
algodão;https://pt.wikipedia.org/wiki/Algod%C3%A3o;
Bolsa Brasileira de Futuros;https://pt.wikipedia.org/w/index.php?title=Bolsa_Brasileira_de_Futuros&action=edit&redlink=1;
cidade do Rio de Janeiro;https://pt.wikipedia.org/wiki/Rio_de_Janeiro_(cidade);
mercado;https://pt.wikipedia.org/wiki/Mercado;
commodities;https://pt.wikipedia.org/wiki/Commodities;
derivativos;https://pt.wikipedia.org/wiki/Derivativo;
Mercosul;https://pt.wikipedia.org/wiki/Mercosul;
câmbio;https://pt.wikipedia.org/wiki/Taxa_de_c%C3%A2mbio;
Companhia Brasileira de Liquidação e Custódia;https://pt.wikipedia.org/wiki/Companhia_Brasileira_de_Liquida%C3%A7%C3%A3o_e_Cust%C3%B3dia;
renda fixa;https://pt.wikipedia.org/wiki/Renda_fixa;
Bolsa de Valores do Rio de Janeiro;https://pt.wikipedia.org/wiki/Bolsa_de_Valores_do_Rio_de_Janeiro;
Sisbex;https://pt.wikipedia.org/wiki/Sisbex;
Federação Brasileira de Bancos;https://pt.wikipedia.org/wiki/Federa%C3%A7%C3%A3o_Brasileira_de_Bancos;
América Latina;https://pt.wikipedia.org/wiki/Am%C3%A9rica_Latina;
Bolsa Brasileira de Mercadorias;https://pt.wikipedia.org/wiki/Bolsa_Brasileira_de_Mercadorias;
Goiás;https://pt.wikipedia.org/wiki/Goi%C3%A1s;
Mato Grosso do Sul;https://pt.wikipedia.org/wiki/Mato_Grosso_do_Sul;
Minas Gerais;https://pt.wikipedia.org/wiki/Minas_Gerais;
Paraná;https://pt.wikipedia.org/wiki/Paran%C3%A1;
Rio Grande do Sul;https://pt.wikipedia.org/wiki/Rio_Grande_do_Sul;
Uberlândia;https://pt.wikipedia.org/wiki/Uberl%C3%A2ndia;
;https://pt.wikipedia.org/wiki/Ficheiro:BM%26FBovespa.png;
;https://pt.wikipedia.org/wiki/Ficheiro:BM%26FBovespa.png;
Banco Central do Brasil;https://pt.wikipedia.org/wiki/Banco_Central_do_Brasil;
capital aberto;https://pt.wikipedia.org/wiki/Capital_aberto;
BOVESPA;https://pt.wikipedia.org/wiki/Bolsa_de_Valores_de_S%C3%A3o_Paulo;
Ibovespa;https://pt.wikipedia.org/wiki/Ibovespa;
dólares;https://pt.wikipedia.org/wiki/D%C3%B3lar;
editar;https://pt.wikipedia.org/w/index.php?title=B3_(bolsa_de_valores)&veaction=edit&section=6;
editar código-fonte;https://pt.wikipedia.org/w/index.php?title=B3_(bolsa_de_valores)&action=edit&section=6;
Central de Custódia e de Liquidação Financeira de Títulos;https://pt.wikipedia.org/wiki/Central_de_Cust%C3%B3dia_e_de_Liquida%C3%A7%C3%A3o_Financeira_de_T%C3%ADtulos;
ANDIMA;https://pt.wikipedia.org/wiki/ANDIMA;
sociedade civil;https://pt.wikipedia.org/wiki/Sociedade_civil;
sem fins lucrativos;https://pt.wikipedia.org/wiki/Organiza%C3%A7%C3%B5es_sem_fins_lucrativos;
mercado;https://pt.wikipedia.org/wiki/Mercado_financeiro;
;https://pt.wikipedia.org/wiki/Ficheiro:Sao_Paulo_Stock_Exchange.jpg;
;https://pt.wikipedia.org/wiki/Ficheiro:Sao_Paulo_Stock_Exchange.jpg;
renda fixa;https://pt.wikipedia.org/wiki/Renda_fixa;
Tesouro Nacional;https://pt.wikipedia.org/wiki/Tesouro_Nacional;
Derivativos;https://pt.wikipedia.org/wiki/Derivativos;
Banco Central;https://pt.wikipedia.org/wiki/Banco_Central_do_Brasil;
Comissão de Valores Mobiliários;https://pt.wikipedia.org/wiki/Comiss%C3%A3o_de_Valores_Mobili%C3%A1rios;
Conselho Administrativo de Defesa Econômica;https://pt.wikipedia.org/wiki/Conselho_Administrativo_de_Defesa_Econ%C3%B4mica;
editar;https://pt.wikipedia.org/w/index.php?title=B3_(bolsa_de_valores)&veaction=edit&section=7;
editar código-fonte;https://pt.wikipedia.org/w/index.php?title=B3_(bolsa_de_valores)&action=edit&section=7;
editar;https://pt.wikipedia.org/w/index.php?title=B3_(bolsa_de_valores)&veaction=edit&section=8;
editar código-fonte;https://pt.wikipedia.org/w/index.php?title=B3_(bolsa_de_valores)&action=edit&section=8;
;https://pt.wikipedia.org/wiki/Ficheiro:Bovespa,_S%C3%A3o_Paulo_city_downtown.jpg;
;https://pt.wikipedia.org/wiki/Ficheiro:Bovespa,_S%C3%A3o_Paulo_city_downtown.jpg;
Sede da B3;https://pt.wikipedia.org/wiki/Sede_da_B3;
São Paulo;https://pt.wikipedia.org/wiki/S%C3%A3o_Paulo_(cidade);
capital paulista;https://pt.wikipedia.org/wiki/S%C3%A3o_Paulo_(cidade);
cidades;https://pt.wikipedia.org/wiki/Cidade;
brasileiras;https://pt.wikipedia.org/wiki/Brasileira;
Curitiba;https://pt.wikipedia.org/wiki/Curitiba;
Fortaleza;https://pt.wikipedia.org/wiki/Fortaleza;
Porto Alegre;https://pt.wikipedia.org/wiki/Porto_Alegre;
Recife;https://pt.wikipedia.org/wiki/Recife;
Rio de Janeiro;https://pt.wikipedia.org/wiki/Rio_de_Janeiro_(cidade);
Rio de Janeiro;https://pt.wikipedia.org/wiki/Rio_de_Janeiro_(cidade);
1969;https://pt.wikipedia.org/wiki/1969;
estados;https://pt.wikipedia.org/wiki/Estado_(subdivis%C3%A3o);
Minas Gerais;https://pt.wikipedia.org/wiki/Minas_Gerais;
Espírito Santo;https://pt.wikipedia.org/wiki/Esp%C3%ADrito_Santo_(estado);
editar;https://pt.wikipedia.org/w/index.php?title=B3_(bolsa_de_valores)&veaction=edit&section=9;
editar código-fonte;https://pt.wikipedia.org/w/index.php?title=B3_(bolsa_de_valores)&action=edit&section=9;
;https://pt.wikipedia.org/wiki/Ficheiro:Bovespa_94_18_log2_2k_128k.png;
;https://pt.wikipedia.org/wiki/Ficheiro:Bovespa_94_18_log2_2k_128k.png;
Ibovespa;https://pt.wikipedia.org/wiki/Ibovespa;
Ibovespa;https://pt.wikipedia.org/wiki/Ibovespa;
Ibovespa;https://pt.wikipedia.org/wiki/Ibovespa;
IBrX50;https://pt.wikipedia.org/wiki/IBrX50;
IBrX100;https://pt.wikipedia.org/wiki/IBrX100;
IDIV;https://pt.wikipedia.org/w/index.php?title=IDIV&action=edit&redlink=1;
ISE;https://pt.wikipedia.org/wiki/%C3%8Dndice_de_Sustentabilidade_Empresarial;
IGC;https://pt.wikipedia.org/wiki/%C3%8Dndice_de_A%C3%A7%C3%B5es_com_Governan%C3%A7a_Corporativa_Diferenciada;
IGCT;https://pt.wikipedia.org/wiki/IGCT;
IGC-NM;https://pt.wikipedia.org/w/index.php?title=IGC-NM&action=edit&redlink=1;
ITAG;https://pt.wikipedia.org/wiki/ITAG;
ITEL;https://pt.wikipedia.org/wiki/ITEL;
IEE;https://pt.wikipedia.org/wiki/IEE;
IMAT;https://pt.wikipedia.org/w/index.php?title=IMAT&action=edit&redlink=1;
IFNC;https://pt.wikipedia.org/w/index.php?title=IFNC&action=edit&redlink=1;
INDX;https://pt.wikipedia.org/w/index.php?title=INDX&action=edit&redlink=1;
ICON;https://pt.wikipedia.org/wiki/%C3%8Dndice_de_Consumo;
IMOB;https://pt.wikipedia.org/wiki/IMOB;
Brazilian Depositary Receipt;https://pt.wikipedia.org/wiki/Brazilian_Depositary_Receipt;
Fundos Imobiliários;https://pt.wikipedia.org/w/index.php?title=Fundos_Imobili%C3%A1rios&action=edit&redlink=1;
editar;https://pt.wikipedia.org/w/index.php?title=B3_(bolsa_de_valores)&veaction=edit&section=10;
editar código-fonte;https://pt.wikipedia.org/w/index.php?title=B3_(bolsa_de_valores)&action=edit&section=10;
Bovespa;https://pt.wikipedia.org/wiki/Bovespa;
governança corporativa;https://pt.wikipedia.org/wiki/Governan%C3%A7a_corporativa;
liquidez;https://pt.wikipedia.org/wiki/Liquidez;
ações;https://pt.wikipedia.org/wiki/A%C3%A7%C3%A3o_(bolsa_de_valores);
acionistas;https://pt.wikipedia.org/wiki/Acionistas;
carece de fontes;https://pt.wikipedia.org/wiki/Wikip%C3%A9dia:Livro_de_estilo/Cite_as_fontes;
Aliansce;https://pt.wikipedia.org/wiki/Aliansce;
B2W;https://pt.wikipedia.org/wiki/B2W;
Banco do Brasil;https://pt.wikipedia.org/wiki/Banco_do_Brasil;
Banco Nossa Caixa;https://pt.wikipedia.org/wiki/Banco_Nossa_Caixa;
Banco Itaú;https://pt.wikipedia.org/wiki/Banco_Ita%C3%BA;
BM&F;https://pt.wikipedia.org/wiki/BM%26F;
Bovespa Holding;https://pt.wikipedia.org/wiki/Bovespa_Holding;
BRF;https://pt.wikipedia.org/wiki/BRF;
BR Malls Participações;https://pt.wikipedia.org/wiki/Brmalls;
Brasil Ecodiesel;https://pt.wikipedia.org/wiki/Brasil_Ecodiesel;
Camargo Correa;https://pt.wikipedia.org/wiki/Grupo_Camargo_Corr%C3%AAa;
Cyrela;https://pt.wikipedia.org/wiki/Cyrela;
CCR;https://pt.wikipedia.org/wiki/Grupo_CCR;
Copasa;https://pt.wikipedia.org/wiki/Copasa;
Cosan;https://pt.wikipedia.org/wiki/Cosan;
CPFL;https://pt.wikipedia.org/wiki/CPFL;
EDP Energias do Brasil;https://pt.wikipedia.org/wiki/EDP;
Embraer;https://pt.wikipedia.org/wiki/Embraer;
Eztec;https://pt.wikipedia.org/wiki/Eztec;
Gafisa;https://pt.wikipedia.org/wiki/Gafisa;
Grendene;https://pt.wikipedia.org/wiki/Grendene;
Hypermarcas;https://pt.wikipedia.org/wiki/Hypermarcas;
JBS Friboi;https://pt.wikipedia.org/wiki/JBS_Friboi;
Klabin;https://pt.wikipedia.org/wiki/Klabin;
Light;https://pt.wikipedia.org/wiki/Light_S.A.;
Lopes Consultoria de Imóveis;https://pt.wikipedia.org/wiki/Lopes_Consultoria_de_Im%C3%B3veis;
Lojas Marisa;https://pt.wikipedia.org/wiki/Lojas_Marisa;
Lojas Renner;https://pt.wikipedia.org/wiki/Lojas_Renner;
Medial Saúde;https://pt.wikipedia.org/wiki/Medial_Sa%C3%BAde;
MMX Mineração;https://pt.wikipedia.org/wiki/MMX_Minera%C3%A7%C3%A3o;
MPX Energia;https://pt.wikipedia.org/wiki/MPX;
Natura;https://pt.wikipedia.org/wiki/Natura;
OSX;https://pt.wikipedia.org/wiki/OSX;
PDG Realty;https://pt.wikipedia.org/wiki/PDG_S.A.;
Porto Seguro;https://pt.wikipedia.org/wiki/Porto_Seguro_Seguros;
Positivo Informática;https://pt.wikipedia.org/wiki/Positivo_Inform%C3%A1tica;
Redecard;https://pt.wikipedia.org/wiki/Redecard;
Sabesp;https://pt.wikipedia.org/wiki/Sabesp;
São Martinho;https://pt.wikipedia.org/wiki/S%C3%A3o_Martinho;
Smiles;https://pt.wikipedia.org/wiki/Smiles_(programa_de_milhagem);
Tecnisa;https://pt.wikipedia.org/wiki/Tecnisa;
Totvs;https://pt.wikipedia.org/wiki/Totvs;
Weg;https://pt.wikipedia.org/wiki/Weg;
editar;https://pt.wikipedia.org/w/index.php?title=B3_(bolsa_de_valores)&veaction=edit&section=11;
editar código-fonte;https://pt.wikipedia.org/w/index.php?title=B3_(bolsa_de_valores)&action=edit&section=11;
;https://pt.wikipedia.org/wiki/Ficheiro:World_Stock_Chart_2009-2012.gif;
;https://pt.wikipedia.org/wiki/Ficheiro:World_Stock_Chart_2009-2012.gif;
editar;https://pt.wikipedia.org/w/index.php?title=B3_(bolsa_de_valores)&veaction=edit&section=12;
editar código-fonte;https://pt.wikipedia.org/w/index.php?title=B3_(bolsa_de_valores)&action=edit&section=12;
Laep Investments;https://pt.wikipedia.org/wiki/Laep_Investments;
Laep Investments;https://pt.wikipedia.org/wiki/Laep_Investments;
Ministério Público Federal;https://pt.wikipedia.org/wiki/Minist%C3%A9rio_P%C3%BAblico_Federal;
editar;https://pt.wikipedia.org/w/index.php?title=B3_(bolsa_de_valores)&veaction=edit&section=13;
editar código-fonte;https://pt.wikipedia.org/w/index.php?title=B3_(bolsa_de_valores)&action=edit&section=13;
Bolha do alicate;https://pt.wikipedia.org/wiki/Bolha_do_alicate;
Polícia federal;https://pt.wikipedia.org/wiki/Pol%C3%ADcia_federal;
Eike Batista;https://pt.wikipedia.org/wiki/Eike_Batista;
Comissão de Valores Mobiliários;https://pt.wikipedia.org/wiki/Comiss%C3%A3o_de_Valores_Mobili%C3%A1rios;
informação privilegiada;https://pt.wikipedia.org/wiki/Insider_trading;
editar;https://pt.wikipedia.org/w/index.php?title=B3_(bolsa_de_valores)&veaction=edit&section=14;
editar código-fonte;https://pt.wikipedia.org/w/index.php?title=B3_(bolsa_de_valores)&action=edit&section=14;
Debênture;https://pt.wikipedia.org/wiki/Deb%C3%AAnture;
Lista de companhias citadas no Ibovespa;https://pt.wikipedia.org/wiki/Lista_de_companhias_citadas_no_Ibovespa;
Mercado financeiro;https://pt.wikipedia.org/wiki/Mercado_financeiro;
Operação com pares;https://pt.wikipedia.org/wiki/Opera%C3%A7%C3%A3o_com_pares;
↑;#cite_ref-estadao_1-0;
«Após 30 anos, Edemir deixa o setor financeiro»;http://economia.estadao.com.br/noticias/geral,apos-30-anos-edemir-deixa-o-setor-financeiro,70001757104;
↑;#cite_ref-2;
«CVM aprova fusão entre BM&FBovespa e Cetip»;https://br.investing.com/news/mercado-de-a%C3%A7%C3%B5es-e-financeiro/cvm-aprova-fus%C3%A3o-entre-bm-amp;fbovespa-e-cetip-234503
↑;#cite_ref-3;
«Fusão entre BM&FBovespa e Cetip cria a B3, 5ª maior bolsa de valores do mundo»;http://agenciabrasil.ebc.com.br/economia/noticia/2017-03/fusao-entre-bmfbovespa-e-cetip-cria-b3-5a-maior-bolsa-de-valores-do-mundo;
↑;#cite_ref-4;
«BM&FBOVESPA: About us»;http://www.bmfbovespa.com.br/English/NewExchange.asp;
a;#cite_ref-B3_5-0;
b;#cite_ref-B3_5-1;
«Empresas brasileiras batem recorde de valor de mercado»;http://veja.abril.com.br/noticia/economia/empresas-brasileiras-batem-recorde-de-valor-de-mercado;
a;#cite_ref-História_6-0;
b;#cite_ref-História_6-1;
c;#cite_ref-História_6-2;
d;#cite_ref-História_6-3;
e;#cite_ref-História_6-4;
f;#cite_ref-História_6-5;
g;#cite_ref-História_6-6;
h;#cite_ref-História_6-7;
i;#cite_ref-História_6-8;
j;#cite_ref-História_6-9;
k;#cite_ref-História_6-10;
l;#cite_ref-História_6-11;
m;#cite_ref-História_6-12;
n;#cite_ref-História_6-13;
«História da BM&FBOVESPA»;http://www.acervobmfbovespa.com.br/History;
a;#cite_ref-História2_7-0;
b;#cite_ref-História2_7-1;
c;#cite_ref-História2_7-2;
d;#cite_ref-História2_7-3;
e;#cite_ref-História2_7-4;
f;#cite_ref-História2_7-5;
g;#cite_ref-História2_7-6;
h;#cite_ref-História2_7-7;
i;#cite_ref-História2_7-8;
j;#cite_ref-História2_7-9;
k;#cite_ref-História2_7-10;
l;#cite_ref-História2_7-11;
m;#cite_ref-História2_7-12;
Brasil Econômico;https://pt.wikipedia.org/wiki/Brasil_Econ%C3%B4mico;
«Bovespa: a história da bolsa de valores de SP e do mercado acionário brasileiro»;http://economia.ig.com.br/2016-08-11/bovespa.html;
a;#cite_ref-História3_8-0;
b;#cite_ref-História3_8-1;
c;#cite_ref-História3_8-2;
d;#cite_ref-História3_8-3;
e;#cite_ref-História3_8-4;
f;#cite_ref-História3_8-5;
g;#cite_ref-História3_8-6;
h;#cite_ref-História3_8-7;
i;#cite_ref-História3_8-8;
j;#cite_ref-História3_8-9;
k;#cite_ref-História3_8-10;
l;#cite_ref-História3_8-11;
m;#cite_ref-História3_8-12;
«Perfil e histórico»;http://ri.bmfbovespa.com.br/static/ptb/perfil-historico.asp?idioma=ptb;
↑;#cite_ref-9;
ISBN 8535239944;https://pt.wikipedia.org/wiki/Especial:Fontes_de_livros/8535239944;
↑;#cite_ref-10;
ISBN 9788535239942;https://pt.wikipedia.org/wiki/Especial:Fontes_de_livros/9788535239942;
Visualização Google Livros;http://books.google.com.br/books?id=pypqV4d_YcsC&pg=PA55&dq=bolsa+crash+1971&hl=pt-BR&sa=X&ei=jj69UeunN4zc8ATfwoD4Cg&ved=0CDEQ6AEwAA#v=onepage&q=bolsa%20crash%201971&f=false;
↑;#cite_ref-11;
«Folha Online - Cotidiano - Líder do PCC planeja ataques da cadeia; Bovespa seria alvo, diz Deic - 21/10/2002»;http://www1.folha.uol.com.br/folha/cotidiano/ult95u61376.shtml
↑;#cite_ref-12;
Folha de S. Paulo;https://pt.wikipedia.org/wiki/Folha_de_S._Paulo;
«Bovespa diz que polícia avisou sobre atentado na semana passada»;http://www1.folha.uol.com.br/folha/cotidiano/ult95u61346.shtml;
a;#cite_ref-HMCM_13-0;
b;#cite_ref-HMCM_13-1;
c;#cite_ref-HMCM_13-2;
ISBN 8-535-24406-9;https://pt.wikipedia.org/wiki/Especial:Fontes_de_livros/8535244069;
a;#cite_ref-HMCM1_14-0;
b;#cite_ref-HMCM1_14-1;
c;#cite_ref-HMCM1_14-2;
BM&FBOVESPA S.A. – Bolsa de Valores, Mercadorias e Futuros;http://www.rico.com.vc/Util/Documentos/ManualOperacional_BMFBOVESPA.pdf;
↑;#cite_ref-15;
«Bovespa vai a 73.516,8 pontos e bate 10º recorde após grau de investimento»;http://economia.uol.com.br/cotacoes/ultnot/2008/05/20/ult1918u968.jhtm;
↑;#cite_ref-16;
Revista Exame;https://pt.wikipedia.org/wiki/Revista_Exame;
«O que muda com a B3, a ex-BM&FBovespa/Cetip»;http://exame.abril.com.br/mercados/o-que-muda-com-a-b3-a-ex-bmfbovespacetip/;
a;#cite_ref-Unidades_17-0;
b;#cite_ref-Unidades_17-1;
«Unidades»;http://www.bmfbovespa.com.br/pt_br/institucional/sobre-a-bm-fbovespa/nossas-unidades/;
↑;#cite_ref-18;
«Novo Mercado - Apresentação»;http://www.bovespa.com.br/Empresas/NovoMercadoNiveis/NovoMercado.asp;
Cópia arquivada em 29 de outubro de 2009;http://web.archive.org/web/20091029104348/http://www.bovespa.com.br/empresas/novomercadoniveis/novomercado.asp;
↑;#cite_ref-19;
«Segmentos de listagem»;http://www.bmfbovespa.com.br/pt_br/listagem/acoes/segmentos-de-listagem/novo-mercado/;
↑;#cite_ref-20;
"«Empresas Listadas no segmento ""Novo Mercado"" da Bovespa»";http://www.bmfbovespa.com.br/pt_br/produtos/listados-a-vista-e-derivativos/renda-variavel/empresas-listadas.htm;
↑;#cite_ref-21;
«Mais de 80 empresas mudam código de negociações de BDRs na Bovespa»;http://br.reuters.com/article/businessNews/idBRSPE98108C20130902;
↑;#cite_ref-reportagem_Época_22-0;
«Laep Investments, uma empresa que deu um golpe de R$5 bilhões»;http://epoca.globo.com/tempo/noticia/2015/07/laep-investiments-uma-empresa-que-deu-um-golpe-de-r-5-bilhoes.html;
↑;#cite_ref-oglobo_processos_23-0;
«Justiça de SP determina bloqueio de bens da Laep e de empresário»;http://g1.globo.com/economia/negocios/noticia/2013/03/justica-de-sp-determina-bloqueio-de-bens-de-dono-da-laep-e-da-empresa.html;
↑;#cite_ref-mundial_24-0;
«Escândalo da Mundial na Bovespa»;http://exame.abril.com.br/revista-exame/edicoes/1018/noticias/escandalo-na-bolsa;
↑;#cite_ref-25;
«Defesa de Eike diz que ações da OGX foram vendidas para pagar dívidas»;http://www.valor.com.br/empresas/3927720/defesa-de-eike-diz-que-acoes-da-ogx-foram-vendidas-para-pagar-dividas;
↑;#cite_ref-26;
«CVM investiga Eike por uso de informação privilegiada e manipulação de preços na OGX»;http://www.infomoney.com.br/ogxpetroleo/noticia/3235192/cvm-investiga-eike-por-uso-informacao-privilegiada-manipulacao-precos-ogx;
editar;https://pt.wikipedia.org/w/index.php?title=B3_(bolsa_de_valores)&veaction=edit&section=15;
editar código-fonte;https://pt.wikipedia.org/w/index.php?title=B3_(bolsa_de_valores)&action=edit&section=15;
Commons;https://pt.wikipedia.orghttps://commons.wikimedia.org/wiki/P%C3%A1gina_principal;
BM&FBovespa;https://pt.wikipedia.orghttps://commons.wikimedia.org/wiki/Category:S%C3%A3o_Paulo_Stock_Exchange?uselang=pt;
Website oficial;http://www.b3.com.br/pt_br/;
BM&FBOVESPA;http://www.bmfbovespa.com.br;
CETIP;https://www.cetip.com.br/;
B3;https://twitter.com/b3_oficial;
Twitter;https://pt.wikipedia.org/wiki/Twitter;
v;https://pt.wikipedia.org/wiki/Predefini%C3%A7%C3%A3o:Sistema_financeiro_do_Brasil;
e;https://pt.wikipedia.org//pt.wikipedia.org/w/index.php?title=Predefini%C3%A7%C3%A3o:Sistema_financeiro_do_Brasil&action=edit;
Sistema financeiro do Brasil;https://pt.wikipedia.org/wiki/Sistema_financeiro_do_Brasil;
Conselho Monetário Nacional;https://pt.wikipedia.org/wiki/Conselho_Monet%C3%A1rio_Nacional;
Conselho Nacional de Seguros Privados;https://pt.wikipedia.org/wiki/Conselho_Nacional_de_Seguros_Privados;
Conselho Nacional de Previdência Complementar;https://pt.wikipedia.org/wiki/Conselho_Nacional_de_Previd%C3%AAncia_Complementar;
Conselho de Recursos do Sistema Financeiro Nacional;https://pt.wikipedia.org/wiki/Conselho_de_Recursos_do_Sistema_Financeiro_Nacional;
Conselho de Recursos do Sistema Nacional de Seguros Privados, de Previdência Privada Aberta e de Capitalização;https://pt.wikipedia.org/w/index.php?title=Conselho_de_Recursos_do_Sistema_Nacional_de_Seguros_Privados,_de_Previd%C3%AAncia_Privada_Aberta_e_de_Capitaliza%C3%A7%C3%A3o&action=edit&redlink=1;
Câmara de Recursos da Previdência Complementar;https://pt.wikipedia.org/wiki/C%C3%A2mara_de_Recursos_da_Previd%C3%AAncia_Complementar;
Banco Central do Brasil;https://pt.wikipedia.org/wiki/Banco_Central_do_Brasil;
Comissão de Valores Mobiliários;https://pt.wikipedia.org/wiki/Comiss%C3%A3o_de_Valores_Mobili%C3%A1rios;
Superintendência de Seguros Privados;https://pt.wikipedia.org/wiki/Superintend%C3%AAncia_de_Seguros_Privados;
Superintendência Nacional de Previdência Complementar;https://pt.wikipedia.org/wiki/Superintend%C3%AAncia_Nacional_de_Previd%C3%AAncia_Complementar;
Bolsa de valores e;;
de mercadorias;https://pt.wikipedia.org/wiki/Lista_de_bolsa_de_valores_e_de_mercadorias_no_Brasil;
B3;undefined;
Bolsa de Valores do Rio de Janeiro;https://pt.wikipedia.org/wiki/Bolsa_de_Valores_do_Rio_de_Janeiro;
Bolsa de Valores Minas - Espírito Santo - Brasília;https://pt.wikipedia.org/wiki/Bolsa_de_Valores_Minas_-_Esp%C3%ADrito_Santo_-_Bras%C3%ADlia;
Bolsa de Valores Bahia Sergipe Alagoas;https://pt.wikipedia.org/wiki/Bolsa_de_Valores_Bahia_Sergipe_Alagoas;
Bolsa Brasileira de Mercadorias;https://pt.wikipedia.org/wiki/Bolsa_Brasileira_de_Mercadorias;
Caixa Econômica Federal;https://pt.wikipedia.org/wiki/Caixa_Econ%C3%B4mica_Federal;
Banco do Brasil;https://pt.wikipedia.org/wiki/Banco_do_Brasil;
Banco Nacional de Desenvolvimento Econômico e Social;https://pt.wikipedia.org/wiki/Banco_Nacional_de_Desenvolvimento_Econ%C3%B4mico_e_Social;
Banco do Nordeste do Brasil;https://pt.wikipedia.org/wiki/Banco_do_Nordeste_do_Brasil;
Banco da Amazônia;https://pt.wikipedia.org/wiki/Banco_da_Amaz%C3%B4nia;
Banco Regional de Desenvolvimento do Extremo Sul;https://pt.wikipedia.org/wiki/Banco_Regional_de_Desenvolvimento_do_Extremo_Sul;
Ibovespa;https://pt.wikipedia.org/wiki/Ibovespa;
IBrX;https://pt.wikipedia.org/wiki/IBrX;
IBrX50;https://pt.wikipedia.org/wiki/IBrX50;
IBrX100;https://pt.wikipedia.org/wiki/IBrX100;
IGC;https://pt.wikipedia.org/wiki/%C3%8Dndice_de_A%C3%A7%C3%B5es_com_Governan%C3%A7a_Corporativa_Diferenciada;
Secretaria de Previdência Complementar;https://pt.wikipedia.org/wiki/Secretaria_de_Previd%C3%AAncia_Complementar;
Conselho de Gestão da Previdência Complementar;https://pt.wikipedia.org/wiki/Conselho_de_Gest%C3%A3o_da_Previd%C3%AAncia_Complementar;
Categoria;https://pt.wikipedia.org/wiki/Categoria:Sistema_financeiro_do_Brasil;
v;https://pt.wikipedia.org/wiki/Predefini%C3%A7%C3%A3o:Cidade_de_S%C3%A3o_Paulo;
d;https://pt.wikipedia.org/wiki/Predefini%C3%A7%C3%A3o_Discuss%C3%A3o:Cidade_de_S%C3%A3o_Paulo;
e;https://pt.wikipedia.org//pt.wikipedia.org/w/index.php?title=Predefini%C3%A7%C3%A3o:Cidade_de_S%C3%A3o_Paulo&action=edit;
;https://pt.wikipedia.org/wiki/S%C3%A3o_Paulo_(cidade);
Cidade de São Paulo;https://pt.wikipedia.org/wiki/S%C3%A3o_Paulo_(cidade);
;https://pt.wikipedia.org/wiki/S%C3%A3o_Paulo_(cidade);
Allianz Parque;https://pt.wikipedia.org/wiki/Allianz_Parque;
Arena Corinthians;https://pt.wikipedia.org/wiki/Arena_Corinthians;
Autódromo de Interlagos;https://pt.wikipedia.org/wiki/Aut%C3%B3dromo_de_Interlagos;
Circuito do Anhembi;https://pt.wikipedia.org/wiki/Circuito_do_Anhembi;
Complexo municipal de tênis;https://pt.wikipedia.org/wiki/Parque_Villa-Lobos#Complexo_de_tênis;
Estádio Aníbal de Freitas;https://pt.wikipedia.org/wiki/Est%C3%A1dio_An%C3%ADbal_de_Freitas;
Estádio do Canindé;https://pt.wikipedia.org/wiki/Est%C3%A1dio_do_Canind%C3%A9;
Estádio da Rua Javari;https://pt.wikipedia.org/wiki/Est%C3%A1dio_Conde_Rodolfo_Crespi;
Estádio Olímpico do Ibirapuera;https://pt.wikipedia.org/wiki/Est%C3%A1dio_%C3%8Dcaro_de_Castro_Melo;
Estádio do Morumbi;https://pt.wikipedia.org/wiki/Est%C3%A1dio_C%C3%ADcero_Pompeu_de_Toledo;
Estádio Nicolau Alayon;https://pt.wikipedia.org/wiki/Est%C3%A1dio_Nicolau_Alayon;
Estádio do Pacaembu;https://pt.wikipedia.org/wiki/Est%C3%A1dio_do_Pacaembu;
Estádio Universitário;https://pt.wikipedia.org/wiki/Cidade_Universit%C3%A1ria_Armando_de_Salles_Oliveira;
Estádio Municipal de Beisebol;https://pt.wikipedia.org/wiki/Est%C3%A1dio_Municipal_de_Beisebol_Mie_Nishi;
Ginásio do Ibirapuera;https://pt.wikipedia.org/wiki/Gin%C3%A1sio_Estadual_Geraldo_Jos%C3%A9_de_Almeida;
Hipódromo Municipal;https://pt.wikipedia.org/wiki/Hip%C3%B3dromo_de_Cidade_Jardim;
Jockey Club;https://pt.wikipedia.org/wiki/Jockey_Club_de_S%C3%A3o_Paulo;
Sociedade Harmonia de Tênis;https://pt.wikipedia.org/wiki/Sociedade_Harmonia_de_T%C3%AAnis;
Edifícios;https://pt.wikipedia.org/wiki/Edif%C3%ADcio;
monumentos;https://pt.wikipedia.org/wiki/Monumento;
Associação Auxiliadora das Classes Laboriosas;https://pt.wikipedia.org/wiki/Associa%C3%A7%C3%A3o_Auxiliadora_das_Classes_Laboriosas;
Bolsa de Valores;https://pt.wikipedia.org/wiki/Edif%C3%ADcio_sede_da_Bovespa;
Capela de São Miguel Arcanjo;https://pt.wikipedia.org/wiki/Capela_de_S%C3%A3o_Miguel_Arcanjo;
Casa do Regente Feijó;https://pt.wikipedia.org/wiki/Casa_do_Regente_Feij%C3%B3;
Casarão de Marieta Teixeira de Carvalho;https://pt.wikipedia.org/wiki/Resid%C3%AAncia_de_Marieta_Teixeira_de_Carvalho;
CENU;https://pt.wikipedia.org/wiki/Centro_Empresarial_Na%C3%A7%C3%B5es_Unidas;
Centro Histórico de São Paulo;https://pt.wikipedia.org/wiki/Centro_Hist%C3%B3rico_de_S%C3%A3o_Paulo;
Círculo Esotérico da Comunhão do Pensamento;https://pt.wikipedia.org/wiki/C%C3%ADrculo_Esot%C3%A9rico_da_Comunh%C3%A3o_do_Pensamento;
Colégio São Francisco Xavier;https://pt.wikipedia.org/wiki/Col%C3%A9gio_S%C3%A3o_Francisco_Xavier_(S%C3%A3o_Paulo);
Conjunto Nacional;https://pt.wikipedia.org/wiki/Conjunto_Nacional;
Edifício Altino Arantes;https://pt.wikipedia.org/wiki/Edif%C3%ADcio_Altino_Arantes;
Edifício do Banespa;https://pt.wikipedia.org/wiki/Edif%C3%ADcio_Altino_Arantes;
Edifício do Grupo Escolar São José;https://pt.wikipedia.org/wiki/Edif%C3%ADcio_do_Grupo_Escolar_S%C3%A3o_Jos%C3%A9;
Edifício Copan;https://pt.wikipedia.org/wiki/Edif%C3%ADcio_Copan;
Edifício Dacon;https://pt.wikipedia.org/wiki/Edif%C3%ADcio_Dacon;
Edifício Itália;https://pt.wikipedia.org/wiki/Edif%C3%ADcio_It%C3%A1lia;
Edifício Martinelli;https://pt.wikipedia.org/wiki/Edif%C3%ADcio_Martinelli;
Edifício Matarazzo;https://pt.wikipedia.org/wiki/Edif%C3%ADcio_Matarazzo;
Edifício Sampaio Moreira;https://pt.wikipedia.org/wiki/Edif%C3%ADcio_Sampaio_Moreira;
Eldorado Tower;https://pt.wikipedia.org/wiki/Eldorado_Business_Tower;
Escola Estadual Amadeu Amaral;https://pt.wikipedia.org/wiki/Escola_Estadual_Amadeu_Amaral;
Estação da Luz;https://pt.wikipedia.org/wiki/Esta%C3%A7%C3%A3o_da_Luz;
Estação Júlio Prestes;https://pt.wikipedia.org/wiki/Esta%C3%A7%C3%A3o_J%C3%BAlio_Prestes;
E-Tower;https://pt.wikipedia.org/wiki/E-Tower;
FEBEM Sampaio Viana;https://pt.wikipedia.org/wiki/Antiga_Unidade_Sampaio_Viana_da_Febem_e_%C3%81rea_Verde;
Galeria do Rock;https://pt.wikipedia.org/wiki/Galeria_do_Rock;
Galeria Olido;https://pt.wikipedia.org/wiki/Galeria_Olido;
Ipiranga 165;https://pt.wikipedia.org/wiki/Ipiranga_165;
Marco Zero;https://pt.wikipedia.org/wiki/Marco_zero_da_cidade_de_S%C3%A3o_Paulo;
Mercado Municipal;https://pt.wikipedia.org/wiki/Mercado_Municipal_de_S%C3%A3o_Paulo;
Mirante do Vale;https://pt.wikipedia.org/wiki/Mirante_do_Vale;
Monumento a Duque de Caxias;https://pt.wikipedia.org/wiki/Monumento_a_Duque_de_Caxias;
Monumento à Independência;https://pt.wikipedia.org/wiki/Monumento_%C3%A0_Independ%C3%AAncia_do_Brasil;
Monumento a Ramos de Azevedo;https://pt.wikipedia.org/wiki/Monumento_a_Ramos_de_Azevedo;
Monumento às Bandeiras;https://pt.wikipedia.org/wiki/Monumento_%C3%A0s_Bandeiras;
Obelisco do Ibirapuera;https://pt.wikipedia.org/wiki/Obelisco_de_S%C3%A3o_Paulo;
Palácio das Indústrias;https://pt.wikipedia.org/wiki/Pal%C3%A1cio_das_Ind%C3%BAstrias;
Palácio do Anhangabaú;https://pt.wikipedia.org/wiki/Edif%C3%ADcio_Matarazzo;
Palácio dos Bandeirantes;https://pt.wikipedia.org/wiki/Pal%C3%A1cio_dos_Bandeirantes;
Palácio dos Campos Elísios;https://pt.wikipedia.org/wiki/Pal%C3%A1cio_dos_Campos_El%C3%ADsios;
Palácio dos Correios;https://pt.wikipedia.org/wiki/Pal%C3%A1cio_dos_Correios_(S%C3%A3o_Paulo);
Pátio do Colégio;https://pt.wikipedia.org/wiki/P%C3%A1tio_do_Col%C3%A9gio;
Planetário do Ibirapuera;https://pt.wikipedia.org/wiki/Planet%C3%A1rio_Professor_Arist%C3%B3teles_Orsini;
Planetário do Carmo;https://pt.wikipedia.org/wiki/Planet%C3%A1rio_do_Carmo;
Plaza Centenário;https://pt.wikipedia.org/wiki/Plaza_Centen%C3%A1rio;
Quartel do Segundo Batalhão de Guardas;https://pt.wikipedia.org/wiki/Quartel_do_Segundo_Batalh%C3%A3o_de_Guardas;
Residência João Vilanova Artigas;https://pt.wikipedia.org/wiki/Resid%C3%AAncia_Jo%C3%A3o_Vilanova_Artigas;
Sambódromo do Anhembi;https://pt.wikipedia.org/wiki/Samb%C3%B3dromo_do_Anhembi;
Sede do BankBoston;https://pt.wikipedia.org/w/index.php?title=Sede_do_BankBoston&action=edit&redlink=1;
Torre São Paulo;https://pt.wikipedia.org/w/index.php?title=Torre_S%C3%A3o_Paulo&action=edit&redlink=1;
Torre da TV Bandeirantes;https://pt.wikipedia.org/wiki/Torre_da_TV_Bandeirantes;
World Trade Center de São Paulo;https://pt.wikipedia.org/wiki/World_Trade_Center_de_S%C3%A3o_Paulo;
Eventos;https://pt.wikipedia.org/wiki/Evento_midi%C3%A1tico;
Aberto de São Paulo;https://pt.wikipedia.org/wiki/Aberto_de_S%C3%A3o_Paulo;
Anima Mundi;https://pt.wikipedia.org/wiki/Anima_Mundi_(festival);
Anime Friends;https://pt.wikipedia.org/wiki/Anime_Friends;
Bienal de Artes;https://pt.wikipedia.org/wiki/Bienal_Internacional_de_Arte_de_S%C3%A3o_Paulo;
Bienal do Livro;https://pt.wikipedia.org/wiki/Bienal_do_Livro_de_S%C3%A3o_Paulo;
Carnaval;https://pt.wikipedia.org/wiki/Carnaval_de_S%C3%A3o_Paulo;
Comic Con Experience;https://pt.wikipedia.org/wiki/Comic_Con_Experience;
Corrida Internacional de São Silvestre;https://pt.wikipedia.org/wiki/Corrida_Internacional_de_S%C3%A3o_Silvestre;
Fenatran;https://pt.wikipedia.org/wiki/Fenatran;
Festival Internacional da Linguagem Eletrônica;https://pt.wikipedia.org/wiki/Festival_Internacional_da_Linguagem_Eletr%C3%B4nica;
GP do Brasil de Formula 1;https://pt.wikipedia.org/wiki/Grande_Pr%C3%AAmio_do_Brasil;
GP São Paulo de Turfe;https://pt.wikipedia.org/wiki/Grande_Pr%C3%AAmio_S%C3%A3o_Paulo;
Lollapalooza;https://pt.wikipedia.org/wiki/Lollapalooza;
Maratona Internacional;https://pt.wikipedia.org/wiki/Maratona_Internacional_de_S%C3%A3o_Paulo;
Natal;https://pt.wikipedia.org/wiki/Natal_paulistano;
Parada do orgulho LGBT;https://pt.wikipedia.org/wiki/Parada_do_orgulho_LGBT_de_S%C3%A3o_Paulo;
Marcha para Jesus;https://pt.wikipedia.org/wiki/Marcha_para_Jesus;
Mostra Internacional de Cinema;https://pt.wikipedia.org/wiki/Mostra_Internacional_de_Cinema_de_S%C3%A3o_Paulo;
Salão do Automóvel;https://pt.wikipedia.org/wiki/Sal%C3%A3o_do_Autom%C3%B3vel_de_S%C3%A3o_Paulo;
São Paulo Fashion Week;https://pt.wikipedia.org/wiki/S%C3%A3o_Paulo_Fashion_Week;
São Paulo Indy 300;https://pt.wikipedia.org/wiki/S%C3%A3o_Paulo_Indy_300;
Skol Beats;https://pt.wikipedia.org/wiki/Skol_Beats;
Virada Cultural;https://pt.wikipedia.org/wiki/Virada_Cultural;
Hospitais;https://pt.wikipedia.org/wiki/Hospital;
Hospital 9 de Julho;https://pt.wikipedia.org/wiki/Hospital_9_de_Julho;
Hospital Adventista;https://pt.wikipedia.org/wiki/Hospital_Adventista_de_S%C3%A3o_Paulo;
Hospital Albert Einstein;https://pt.wikipedia.org/wiki/Hospital_Israelita_Albert_Einstein;
Hospital das Clínicas da FMUSP;https://pt.wikipedia.org/wiki/Hospital_das_Cl%C3%ADnicas_da_Faculdade_de_Medicina_da_Universidade_de_S%C3%A3o_Paulo;
Hospital Geral da Penha;https://pt.wikipedia.org/wiki/Hospital_Geral_da_Penha;
Hospital do Mandaqui;https://pt.wikipedia.org/wiki/Hospital_do_Mandaqui;
Hospital Santa Catarina;https://pt.wikipedia.org/wiki/Hospital_Santa_Catarina;
Hospital Santa Isabel;https://pt.wikipedia.org/wiki/Hospital_Santa_Isabel_(S%C3%A3o_Paulo);
Hospital São Paulo;https://pt.wikipedia.org/wiki/Hospital_S%C3%A3o_Paulo;
Hospital Sírio-Libanês;https://pt.wikipedia.org/wiki/Hospital_S%C3%ADrio-Liban%C3%AAs;
Hospital Universitário (HUUSP);https://pt.wikipedia.org/wiki/Hospital_Universit%C3%A1rio_da_Universidade_de_S%C3%A3o_Paulo;
Hospital Umberto I;https://pt.wikipedia.org/wiki/Hospital_Umberto_I;
Santa Casa de Misericórdia;https://pt.wikipedia.org/wiki/Irmandade_da_Santa_Casa_de_Miseric%C3%B3rdia_de_S%C3%A3o_Paulo;
Anhembi Morumbi;https://pt.wikipedia.org/wiki/Universidade_Anhembi_Morumbi;
Belas Artes;https://pt.wikipedia.org/wiki/Centro_Universit%C3%A1rio_Belas_Artes_de_S%C3%A3o_Paulo;
Cruzeiro do Sul;https://pt.wikipedia.org/wiki/Universidade_Cruzeiro_do_Sul;
Cásper Líbero;https://pt.wikipedia.org/wiki/Faculdade_C%C3%A1sper_L%C3%ADbero;
ESPM;https://pt.wikipedia.org/wiki/Escola_Superior_de_Propaganda_e_Marketing;
FAAP;https://pt.wikipedia.org/wiki/Funda%C3%A7%C3%A3o_Armando_Alvares_Penteado;
FEI;https://pt.wikipedia.org/wiki/Faculdade_de_Engenharia_Industrial;
FGV;https://pt.wikipedia.org/wiki/Funda%C3%A7%C3%A3o_Getulio_Vargas;
FMU;https://pt.wikipedia.org/wiki/Centro_Universit%C3%A1rio_das_Faculdades_Metropolitanas_Unidas;
Insper (ex-IBMEC);https://pt.wikipedia.org/wiki/Insper_Instituto_de_Ensino_e_Pesquisa;
Mackenzie;https://pt.wikipedia.org/wiki/Universidade_Presbiteriana_Mackenzie;
Metodista;https://pt.wikipedia.org/wiki/Universidade_Metodista_de_S%C3%A3o_Paulo;
Oswaldo Cruz;https://pt.wikipedia.org/wiki/Faculdades_Oswaldo_Cruz;
PUC-SP;https://pt.wikipedia.org/wiki/Pontif%C3%ADcia_Universidade_Cat%C3%B3lica_de_S%C3%A3o_Paulo;
Santa Casa;https://pt.wikipedia.org/wiki/Faculdade_de_Ci%C3%AAncias_M%C3%A9dicas_da_Santa_Casa_de_S%C3%A3o_Paulo;
Senac;https://pt.wikipedia.org/wiki/Servi%C3%A7o_Nacional_de_Aprendizagem_Comercial;
Senai;https://pt.wikipedia.org/wiki/Servi%C3%A7o_Nacional_de_Aprendizagem_Industrial;
São Marcos;https://pt.wikipedia.org/wiki/Universidade_S%C3%A3o_Marcos;
Unasp;https://pt.wikipedia.org/wiki/Centro_Universit%C3%A1rio_Adventista_de_S%C3%A3o_Paulo;
Uninove;https://pt.wikipedia.org/wiki/Universidade_Nove_de_Julho;
Unip;https://pt.wikipedia.org/wiki/Universidade_Paulista;
USJT;https://pt.wikipedia.org/wiki/Universidade_S%C3%A3o_Judas_Tadeu;
UNICID;https://pt.wikipedia.org/wiki/Universidade_Cidade_de_S%C3%A3o_Paulo;
USP;https://pt.wikipedia.org/wiki/Universidade_de_S%C3%A3o_Paulo;
FDUSP;https://pt.wikipedia.org/wiki/Faculdade_de_Direito_da_Universidade_de_S%C3%A3o_Paulo;
FMUSP;https://pt.wikipedia.org/wiki/Faculdade_de_Medicina_da_Universidade_de_S%C3%A3o_Paulo;
Cidade Universitária;https://pt.wikipedia.org/wiki/Cidade_Universit%C3%A1ria_Armando_de_Salles_Oliveira;
EACH;https://pt.wikipedia.org/wiki/Escola_de_Artes,_Ci%C3%AAncias_e_Humanidades_da_Universidade_de_S%C3%A3o_Paulo;
Unesp;https://pt.wikipedia.org/wiki/Universidade_Estadual_Paulista;
Unifesp;https://pt.wikipedia.org/wiki/Universidade_Federal_de_S%C3%A3o_Paulo;
Instituto Federal de Educação, Ciência e Tecnologia de São Paulo;https://pt.wikipedia.org/wiki/Instituto_Federal_de_S%C3%A3o_Paulo;
Centro Paula Souza;https://pt.wikipedia.org/wiki/Centro_Estadual_de_Educa%C3%A7%C3%A3o_Tecnol%C3%B3gica_Paula_Souza;
Fatec;https://pt.wikipedia.org/wiki/Faculdade_de_Tecnologia_do_Estado_de_S%C3%A3o_Paulo;
Centro de Pesquisa, Inovação e Difusão em Neuromatemática (NeuroMat);https://pt.wikipedia.org/wiki/NeuroMat;
Instituto Biológico;https://pt.wikipedia.org/wiki/Instituto_Biol%C3%B3gico;
Instituto de Botânica;https://pt.wikipedia.org/wiki/Instituto_de_Bot%C3%A2nica;
Instituto Butantan;https://pt.wikipedia.org/wiki/Instituto_Butantan;
Instituto de Eletrotécnica e Energia (IEE);https://pt.wikipedia.org/wiki/Instituto_de_Energia_e_Ambiente_da_Universidade_de_S%C3%A3o_Paulo;
Instituto Florestal (IF);https://pt.wikipedia.org/wiki/Instituto_Florestal;
Instituto de Medicina Tropical;https://pt.wikipedia.org/wiki/Instituto_de_Medicina_Tropical_de_S%C3%A3o_Paulo;
Instituto Geológico;https://pt.wikipedia.org/wiki/Instituto_Geol%C3%B3gico;
Instituto Pasteur;https://pt.wikipedia.org/wiki/Instituto_Pasteur_(S%C3%A3o_Paulo);
Instituto de Pesquisas Energéticas e Nucleares (IPEN);https://pt.wikipedia.org/wiki/Instituto_de_Pesquisas_Energ%C3%A9ticas_e_Nucleares;
Instituto de Pesquisas Tecnológicas (IPT);https://pt.wikipedia.org/wiki/Instituto_de_Pesquisas_Tecnol%C3%B3gicas;
Logradouros;https://pt.wikipedia.org/wiki/Logradouro;
Avenida Aricanduva;https://pt.wikipedia.org/wiki/Avenida_Aricanduva;
Avenida Brasil;https://pt.wikipedia.org/wiki/Avenida_Brasil_(S%C3%A3o_Paulo);
Avenida Brigadeiro Faria Lima;https://pt.wikipedia.org/wiki/Avenida_Brigadeiro_Faria_Lima;
Avenida Brigadeiro Luís Antônio;https://pt.wikipedia.org/wiki/Avenida_Brigadeiro_Lu%C3%ADs_Ant%C3%B4nio;
Avenida dos Bandeirantes;https://pt.wikipedia.org/wiki/Avenida_dos_Bandeirantes;
Avenida Doutor Arnaldo;https://pt.wikipedia.org/wiki/Avenida_Doutor_Arnaldo;
Avenida Doutor Carlos Chucri Zaidan;https://pt.wikipedia.org/wiki/Avenida_Doutor_Carlos_Chucri_Zaidan;
Avenida Doutor Ricardo Jafet;https://pt.wikipedia.org/wiki/Avenida_Doutor_Ricardo_Jafet;
Avenida Engenheiro Luís Carlos Berrini;https://pt.wikipedia.org/wiki/Avenida_Engenheiro_Lu%C3%ADs_Carlos_Berrini;
Avenida Ipiranga;https://pt.wikipedia.org/wiki/Avenida_Ipiranga;
Avenida Água Espraiada;https://pt.wikipedia.org/wiki/Avenida_Jornalista_Roberto_Marinho;
Avenida Juscelino Kubitschek;https://pt.wikipedia.org/wiki/Avenida_Juscelino_Kubitschek;
Avenida Marechal Tito;https://pt.wikipedia.org/wiki/Avenida_Marechal_Tito;
Avenida 9 de Julho;https://pt.wikipedia.org/wiki/Avenida_9_de_Julho;
Avenida Paulista;https://pt.wikipedia.org/wiki/Avenida_Paulista;
Avenida Prestes Maia;https://pt.wikipedia.org/wiki/Avenida_Prestes_Maia;
Avenida Radial Leste;https://pt.wikipedia.org/wiki/Radial_Leste;
Avenida Rebouças;https://pt.wikipedia.org/wiki/Avenida_Rebou%C3%A7as;
Avenida São João;https://pt.wikipedia.org/wiki/Avenida_S%C3%A3o_Jo%C3%A3o;
Avenida Tiradentes;https://pt.wikipedia.org/wiki/Avenida_Tiradentes;
Avenida 23 de Maio;https://pt.wikipedia.org/wiki/Avenida_23_de_Maio;
Avenida Washington Luís;https://pt.wikipedia.org/wiki/Avenida_Washington_Lu%C3%ADs;
Elevado Presidente João Goulart;https://pt.wikipedia.org/wiki/Elevado_Presidente_Jo%C3%A3o_Goulart;
Largo 13 de Maio;https://pt.wikipedia.org/wiki/Largo_13_de_Maio;
Largo do Arouche;https://pt.wikipedia.org/wiki/Largo_do_Arouche;
Largo do Paiçandu;https://pt.wikipedia.org/wiki/Largo_do_Pai%C3%A7andu;
Largo São Francisco;https://pt.wikipedia.org/wiki/Largo_de_S%C3%A3o_Francisco;
Marginal Pinheiros;https://pt.wikipedia.org/wiki/Marginal_Pinheiros;
Marginal Tietê;https://pt.wikipedia.org/wiki/Marginal_Tiet%C3%AA;
Núcleo Original da Freguesia do Ó;https://pt.wikipedia.org/wiki/N%C3%BAcleo_Original_da_Freguesia_do_%C3%93;
Ponte Estaiada;https://pt.wikipedia.org/wiki/Ponte_Oct%C3%A1vio_Frias_de_Oliveira;
Praça do Ciclista;https://pt.wikipedia.org/wiki/Pra%C3%A7a_do_Ciclista;
Praça Ramos de Azevedo;https://pt.wikipedia.org/wiki/Pra%C3%A7a_Ramos_de_Azevedo;
Praça da República;https://pt.wikipedia.org/wiki/Pra%C3%A7a_da_Rep%C3%BAblica_(S%C3%A3o_Paulo);
Praça Roosevelt;https://pt.wikipedia.org/wiki/Pra%C3%A7a_Roosevelt;
Praça da Sé;https://pt.wikipedia.org/wiki/Pra%C3%A7a_da_S%C3%A9_(S%C3%A3o_Paulo);
Rodoanel Mário Covas;https://pt.wikipedia.org/wiki/Rodoanel_M%C3%A1rio_Covas;
Rua Augusta;https://pt.wikipedia.org/wiki/Rua_Augusta_(S%C3%A3o_Paulo);
Rua da Consolação;https://pt.wikipedia.org/wiki/Rua_da_Consola%C3%A7%C3%A3o;
Praça do Patriarca;https://pt.wikipedia.org/wiki/Pra%C3%A7a_do_Patriarca;
Rua Haddock Lobo;https://pt.wikipedia.org/wiki/Rua_Haddock_Lobo_(S%C3%A3o_Paulo);
Rua Oscar Freire;https://pt.wikipedia.org/wiki/Rua_Oscar_Freire;
Rua Vergueiro;https://pt.wikipedia.org/wiki/Rua_Vergueiro;
Rua 25 de Março;https://pt.wikipedia.org/wiki/Rua_25_de_Mar%C3%A7o;
Túnel Jornalista Fernando Vieira de Mello;https://pt.wikipedia.org/wiki/T%C3%BAnel_Jornalista_Fernando_Vieira_de_Mello;
Vale do Anhangabaú;https://pt.wikipedia.org/wiki/Vale_do_Anhangaba%C3%BA;
Viaduto do Chá;https://pt.wikipedia.org/wiki/Viaduto_do_Ch%C3%A1;
Viaduto Santa Ifigênia;https://pt.wikipedia.org/wiki/Viaduto_Santa_Ifig%C3%AAnia;
Museus;https://pt.wikipedia.org/wiki/Lista_de_museus_da_cidade_de_S%C3%A3o_Paulo;
AACPG;https://pt.wikipedia.org/wiki/Acervo_Art%C3%ADstico-Cultural_dos_Pal%C3%A1cios_do_Governo_do_Estado_de_S%C3%A3o_Paulo;
Aquário;https://pt.wikipedia.org/wiki/Aqu%C3%A1rio_de_S%C3%A3o_Paulo;
Arquivo Histórico Municipal;https://pt.wikipedia.org/wiki/Arquivo_Hist%C3%B3rico_Municipal_Washington_Lu%C3%ADs;
Arquivo Público;https://pt.wikipedia.org/wiki/Arquivo_P%C3%BAblico_do_Estado_de_S%C3%A3o_Paulo;
Auditório Ibirapuera;https://pt.wikipedia.org/wiki/Audit%C3%B3rio_Ibirapuera;
Biblioteca de São Paulo;https://pt.wikipedia.org/wiki/Biblioteca_de_S%C3%A3o_Paulo;
Biblioteca Latino-Americana Victor Civita;https://pt.wikipedia.org/wiki/Biblioteca_Latino-Americana_Victor_Civita;
Biblioteca Mário de Andrade;https://pt.wikipedia.org/wiki/Biblioteca_M%C3%A1rio_de_Andrade;
Casa das Rosas;https://pt.wikipedia.org/wiki/Casa_das_Rosas;
Casa do Grito;https://pt.wikipedia.org/wiki/Casa_do_Grito;
Catavento;https://pt.wikipedia.org/wiki/Catavento_(museu);
Centro Cultural Banco do Brasil;https://pt.wikipedia.org/wiki/Centro_Cultural_Banco_do_Brasil;
Centro Cultural SP;https://pt.wikipedia.org/wiki/Centro_Cultural_S%C3%A3o_Paulo;
Cinemateca Brasileira;https://pt.wikipedia.org/wiki/Cinemateca_Brasileira;
Complexo do Anhembi;https://pt.wikipedia.org/wiki/Anhembi_Parque;
Citibank Hall;https://pt.wikipedia.org/wiki/Citibank_Hall_(S%C3%A3o_Paulo);
Escola de Astrofísica;https://pt.wikipedia.org/wiki/Escola_Municipal_de_Astrof%C3%ADsica;
Estação Ciência;https://pt.wikipedia.org/wiki/Esta%C3%A7%C3%A3o_Ci%C3%AAncia_da_Universidade_de_S%C3%A3o_Paulo;
Estação Pinacoteca;https://pt.wikipedia.org/wiki/Esta%C3%A7%C3%A3o_Pinacoteca;
Fundação Ema Gordon Klabin;https://pt.wikipedia.org/wiki/Funda%C3%A7%C3%A3o_Cultural_Ema_Gordon_Klabin;
Fundação Maria Luisa e Oscar Americano;https://pt.wikipedia.org/wiki/Funda%C3%A7%C3%A3o_Maria_Luisa_e_Oscar_Americano;
Galeria Prestes Maia;https://pt.wikipedia.org/wiki/Galeria_Prestes_Maia;
MAC;https://pt.wikipedia.org/wiki/Museu_de_Arte_Contempor%C3%A2nea_da_Universidade_de_S%C3%A3o_Paulo;
MAM;https://pt.wikipedia.org/wiki/Museu_de_Arte_Moderna_de_S%C3%A3o_Paulo;
MASP;https://pt.wikipedia.org/wiki/Museu_de_Arte_de_S%C3%A3o_Paulo;
MAV;https://pt.wikipedia.org/wiki/Museu_de_Anatomia_Veterin%C3%A1ria_da_Faculdade_de_Medicina_Veterin%C3%A1ria_e_Zootecnia_da_USP;
Memorial da América Latina;https://pt.wikipedia.org/wiki/Memorial_da_Am%C3%A9rica_Latina;
Museu da Imigração;https://pt.wikipedia.org/wiki/Museu_da_Imigra%C3%A7%C3%A3o_do_Estado_de_S%C3%A3o_Paulo;
Museu Afro Brasil;https://pt.wikipedia.org/wiki/Museu_Afro_Brasil;
Museu Anchieta;https://pt.wikipedia.org/wiki/Museu_Anchieta;
Museu Brasileiro da Escultura (MuBE);https://pt.wikipedia.org/wiki/Museu_Brasileiro_da_Escultura;
Museu da Aeronáutica;https://pt.wikipedia.org/wiki/Museu_da_Aeron%C3%A1utica;
Museu da Casa Brasileira;https://pt.wikipedia.org/wiki/Museu_da_Casa_Brasileira;
Museu da Imagem e do Som (MIS);https://pt.wikipedia.org/wiki/Museu_da_Imagem_e_do_Som_de_S%C3%A3o_Paulo;
Museu da Língua Portuguesa;https://pt.wikipedia.org/wiki/Museu_da_L%C3%ADngua_Portuguesa;
Museu de Arqueologia e Etnologia;https://pt.wikipedia.org/wiki/Museu_de_Arqueologia_e_Etnologia_da_Universidade_de_S%C3%A3o_Paulo;
Museu de Arte Brasileira;https://pt.wikipedia.org/wiki/Museu_de_Arte_Brasileira_da_Funda%C3%A7%C3%A3o_Armando_%C3%81lvares_Penteado;
Museu de Arte Sacra;https://pt.wikipedia.org/wiki/Museu_de_Arte_Sacra_de_S%C3%A3o_Paulo;
Museu de Ciências;https://pt.wikipedia.org/wiki/Museu_de_Ci%C3%AAncias_da_Universidade_de_S%C3%A3o_Paulo;
Museu de Geociências;https://pt.wikipedia.org/wiki/Museu_de_Geoci%C3%AAncias_do_IG-USP;
Museu de Zoologia;https://pt.wikipedia.org/wiki/Museu_de_Zoologia_da_Universidade_de_S%C3%A3o_Paulo;
Museu do Futebol;https://pt.wikipedia.org/wiki/Museu_do_Futebol_(S%C3%A3o_Paulo);
Museu do Ipiranga;https://pt.wikipedia.org/wiki/Museu_do_Ipiranga;
Museu do Relógio;https://pt.wikipedia.org/wiki/Museu_do_Rel%C3%B3gio;
Museu do Transporte Público;https://pt.wikipedia.org/wiki/Museu_do_Transporte_P%C3%BAblico_Gaetano_Ferolla;
Museu Herculano Pires;https://pt.wikipedia.org/wiki/Museu_Herculano_Pires;
Museu Lasar Segall;https://pt.wikipedia.org/wiki/Museu_Lasar_Segall;
Museu Memória do Bixiga;https://pt.wikipedia.org/wiki/Museu_Mem%C3%B3ria_do_Bixiga;
Museu Paulo Machado de Carvalho;https://pt.wikipedia.org/wiki/Museu_Paulo_Machado_de_Carvalho;
Paço das Artes;https://pt.wikipedia.org/wiki/Pa%C3%A7o_das_Artes;
Pinacoteca do Estado;https://pt.wikipedia.org/wiki/Pinacoteca_do_Estado_de_S%C3%A3o_Paulo;
Praça das Artes;https://pt.wikipedia.org/wiki/Pra%C3%A7a_das_Artes;
Sala São Paulo;https://pt.wikipedia.org/wiki/Sala_S%C3%A3o_Paulo;
Teatro Arthur Azevedo;https://pt.wikipedia.org/wiki/Teatro_Arthur_Azevedo_(S%C3%A3o_Paulo);
Theatro Municipal;https://pt.wikipedia.org/wiki/Theatro_Municipal_de_S%C3%A3o_Paulo;
Teatro São Pedro;https://pt.wikipedia.org/wiki/Teatro_S%C3%A3o_Pedro_(S%C3%A3o_Paulo);
Via Funchal;https://pt.wikipedia.org/wiki/Via_Funchal;
Parques;https://pt.wikipedia.org/wiki/Parque;
Cratera de Colônia;https://pt.wikipedia.org/wiki/Cratera_de_Col%C3%B4nia;
Horto Florestal;https://pt.wikipedia.org/wiki/Horto_Florestal_de_S%C3%A3o_Paulo;
Jardim Botânico;https://pt.wikipedia.org/wiki/Jardim_Bot%C3%A2nico_de_S%C3%A3o_Paulo;
Jardim da Luz;https://pt.wikipedia.org/wiki/Jardim_da_Luz;
Parque Anália Franco;https://pt.wikipedia.org/wiki/Parque_An%C3%A1lia_Franco;
Parque Anhanguera;https://pt.wikipedia.org/wiki/Parque_Anhanguera_(S%C3%A3o_Paulo);
Parque Augusta;https://pt.wikipedia.org/wiki/Parque_Augusta;
Parque da Aclimação;https://pt.wikipedia.org/wiki/Parque_da_Aclima%C3%A7%C3%A3o;
Parque da Água Branca;https://pt.wikipedia.org/wiki/Parque_da_%C3%81gua_Branca;
Parque Burle Marx;https://pt.wikipedia.org/wiki/Parque_Burle_Marx;
Parque da Cantareira;https://pt.wikipedia.org/wiki/Parque_da_Cantareira;
Parque da Independência;https://pt.wikipedia.org/wiki/Parque_da_Independ%C3%AAncia;
Parque da Juventude;https://pt.wikipedia.org/wiki/Parque_da_Juventude;
Parque do Carmo;https://pt.wikipedia.org/wiki/Parque_do_Carmo;
Parque do Ibirapuera;https://pt.wikipedia.org/wiki/Parque_Ibirapuera;
Parque do Piqueri;https://pt.wikipedia.org/wiki/Parque_do_Piqueri;
Parque do Povo;https://pt.wikipedia.org/wiki/Parque_do_Povo_(S%C3%A3o_Paulo);
Parque Ecológico do Tietê;https://pt.wikipedia.org/wiki/Parque_Ecol%C3%B3gico_do_Tiet%C3%AA;
Parque Ecológico da Vila Prudente;https://pt.wikipedia.org/wiki/Parque_Ecol%C3%B3gico_da_Vila_Prudente;
Parque Estadual do Jaraguá;https://pt.wikipedia.org/wiki/Parque_Estadual_do_Jaragu%C3%A1;
Parque Ecológico do Guarapiranga;https://pt.wikipedia.org/wiki/Parque_Ecol%C3%B3gico_do_Guarapiranga;
Parque do Guarapiranga;https://pt.wikipedia.org/wiki/Parque_Guarapiranga;
Parque Estadual Fontes do Ipiranga;https://pt.wikipedia.org/wiki/Parque_Estadual_Fontes_do_Ipiranga;
Parque Chico Mendes;https://pt.wikipedia.org/wiki/Parque_Chico_Mendes_(S%C3%A3o_Paulo);
Parque Luís Carlos Prestes;https://pt.wikipedia.org/wiki/Parque_Lu%C3%ADs_Carlos_Prestes;
Parque Previdência;https://pt.wikipedia.org/wiki/Parque_Previd%C3%AAncia;
Parque Trianon;https://pt.wikipedia.org/wiki/Parque_Trianon;
Parque Várzeas do Tietê;https://pt.wikipedia.org/wiki/Parque_V%C3%A1rzeas_do_Tiet%C3%AA;
Parque Villa-Lobos;https://pt.wikipedia.org/wiki/Parque_Villa-Lobos;
Parque Zoológico;https://pt.wikipedia.org/wiki/Parque_Zool%C3%B3gico_de_S%C3%A3o_Paulo;
Templos;https://pt.wikipedia.org/wiki/Templo;
Basílica José de Anchieta;https://pt.wikipedia.org/wiki/Bas%C3%ADlica_Jos%C3%A9_de_Anchieta;
Catedral Ortodoxa;https://pt.wikipedia.org/wiki/Catedral_Metropolitana_Ortodoxa;
Catedral da Sé;https://pt.wikipedia.org/wiki/Catedral_Metropolitana_de_S%C3%A3o_Paulo;
Igreja Nossa Senhora do Brasil;https://pt.wikipedia.org/wiki/Igreja_Nossa_Senhora_do_Brasil;
Convento e Igreja de São Francisco;https://pt.wikipedia.org/wiki/Convento_e_Igreja_de_S%C3%A3o_Francisco_(S%C3%A3o_Paulo);
Igreja da Ordem Terceira de São Francisco;https://pt.wikipedia.org/wiki/Igreja_das_Chagas_do_Ser%C3%A1fico_Pai_S%C3%A3o_Francisco;
Igreja da Ordem Terceira do Carmo;https://pt.wikipedia.org/wiki/Igreja_da_Ordem_Terceira_do_Carmo_(S%C3%A3o_Paulo);
Igreja Nossa Senhora da Boa Morte;https://pt.wikipedia.org/wiki/Igreja_Nossa_Senhora_da_Boa_Morte_(S%C3%A3o_Paulo);
Igreja de Nossa Senhora do Rosário dos Homens Pretos;https://pt.wikipedia.org/wiki/Igreja_de_Nossa_Senhora_do_Ros%C3%A1rio_dos_Homens_Pretos_(S%C3%A3o_Paulo);
Igreja de Santa Ifigênia;https://pt.wikipedia.org/wiki/Igreja_de_Santa_Ifig%C3%AAnia;
Igreja de Santo Antônio;https://pt.wikipedia.org/wiki/Igreja_de_Santo_Ant%C3%B4nio_(S%C3%A3o_Paulo);
Igreja do Imaculado Coração de Maria;https://pt.wikipedia.org/wiki/Igreja_do_Imaculado_Cora%C3%A7%C3%A3o_de_Maria_(S%C3%A3o_Paulo);
Igreja de São Cristóvão;https://pt.wikipedia.org/wiki/Igreja_de_S%C3%A3o_Crist%C3%B3v%C3%A3o_(S%C3%A3o_Paulo);
Igreja do Sagrado Coração de Jesus;https://pt.wikipedia.org/wiki/Liceu_Cora%C3%A7%C3%A3o_de_Jesus#Igreja;
Mosteiro de São Bento;https://pt.wikipedia.org/wiki/Mosteiro_de_S%C3%A3o_Bento_(S%C3%A3o_Paulo);
Mosteiro da Luz;https://pt.wikipedia.org/wiki/Museu_de_Arte_Sacra_de_S%C3%A3o_Paulo;
Igreja da Consolação;https://pt.wikipedia.org/wiki/Igreja_Nossa_Senhora_da_Consola%C3%A7%C3%A3o_(S%C3%A3o_Paulo);
Solo Sagrado de Guarapiranga;https://pt.wikipedia.org/wiki/Solo_Sagrado_(Igreja_Messi%C3%A2nica_Mundial);
Templo de Salomão;https://pt.wikipedia.org/wiki/Templo_de_Salom%C3%A3o_(IURD);
Templo dos Mórmons;https://pt.wikipedia.org/wiki/Templo_de_S%C3%A3o_Paulo_(SUD);
Transportes;https://pt.wikipedia.org/wiki/Transporte;
Aeroporto de Congonhas;https://pt.wikipedia.org/wiki/Aeroporto_de_Congonhas/S%C3%A3o_Paulo;
Aeroporto Campo de Marte;https://pt.wikipedia.org/wiki/Aeroporto_Campo_de_Marte;
Aeroporto de São Paulo/Guarulhos;https://pt.wikipedia.org/wiki/Aeroporto_Internacional_de_S%C3%A3o_Paulo-Guarulhos;
Estação da Luz;https://pt.wikipedia.org/wiki/Esta%C3%A7%C3%A3o_da_Luz;
Estação Júlio Prestes;https://pt.wikipedia.org/wiki/Esta%C3%A7%C3%A3o_J%C3%BAlio_Prestes;
Estação Brás;https://pt.wikipedia.org/wiki/Esta%C3%A7%C3%A3o_Br%C3%A1s;
Estação Pinheiros;https://pt.wikipedia.org/wiki/Esta%C3%A7%C3%A3o_Pinheiros;
Paulista;https://pt.wikipedia.org/wiki/Esta%C3%A7%C3%A3o_Paulista;
Consolação;https://pt.wikipedia.org/wiki/Esta%C3%A7%C3%A3o_Consola%C3%A7%C3%A3o;
Estação Santo Amaro;https://pt.wikipedia.org/wiki/Esta%C3%A7%C3%A3o_Santo_Amaro;
Estação Sé;https://pt.wikipedia.org/wiki/Esta%C3%A7%C3%A3o_S%C3%A9_(Metr%C3%B4_de_S%C3%A3o_Paulo);
Terminal Tietê;https://pt.wikipedia.org/wiki/Terminal_Rodovi%C3%A1rio_Tiet%C3%AA;
Terminal Palmeiras-Barra Funda;https://pt.wikipedia.org/wiki/Terminal_Intermodal_Palmeiras-Barra_Funda;
Terminal Jabaquara;https://pt.wikipedia.org/wiki/Terminal_Intermunicipal_Jabaquara;
Expresso Tiradentes;https://pt.wikipedia.org/wiki/Expresso_Tiradentes;
SPTrans;https://pt.wikipedia.org/wiki/S%C3%A3o_Paulo_Transporte;
Bilhete Único;https://pt.wikipedia.org/wiki/Bilhete_%C3%9Anico;
CPTM;https://pt.wikipedia.org/wiki/Companhia_Paulista_de_Trens_Metropolitanos;
Metrô;https://pt.wikipedia.org/wiki/Metr%C3%B4_de_S%C3%A3o_Paulo;
Linha 1-Azul;https://pt.wikipedia.org/wiki/Linha_1_do_Metr%C3%B4_de_S%C3%A3o_Paulo;
Linha 2-Verde;https://pt.wikipedia.org/wiki/Linha_2_do_Metr%C3%B4_de_S%C3%A3o_Paulo;
Linha 3-Vermelha;https://pt.wikipedia.org/wiki/Linha_3_do_Metr%C3%B4_de_S%C3%A3o_Paulo;
Linha 4-Amarela;https://pt.wikipedia.org/wiki/Linha_4_do_Metr%C3%B4_de_S%C3%A3o_Paulo;
Linha 5-Lilás;https://pt.wikipedia.org/wiki/Linha_5_do_Metr%C3%B4_de_S%C3%A3o_Paulo;
Linha 15-Prata;https://pt.wikipedia.org/wiki/Linha_15_do_Metr%C3%B4_de_S%C3%A3o_Paulo;
Shoppings;https://pt.wikipedia.org/wiki/Shopping_center;
Aricanduva;https://pt.wikipedia.org/wiki/Centro_Comercial_Leste_Aricanduva;
Bourbon Pompéia;https://pt.wikipedia.org/wiki/Bourbon_Shopping_S%C3%A3o_Paulo;
Capital;https://pt.wikipedia.org/wiki/Shopping_Capital;
Center Norte;https://pt.wikipedia.org/wiki/Shopping_Center_Norte;
Cidade Jardim;https://pt.wikipedia.org/wiki/Shopping_Cidade_Jardim_(S%C3%A3o_Paulo);
Conjunto Nacional;https://pt.wikipedia.org/wiki/Conjunto_Nacional;
Eldorado;https://pt.wikipedia.org/wiki/Shopping_Eldorado;
Iguatemi São Paulo;https://pt.wikipedia.org/wiki/Iguatemi_S%C3%A3o_Paulo;
Metrô Tatuapé;https://pt.wikipedia.org/wiki/Shopping_Metr%C3%B4_Tatuap%C3%A9;
Metrô Tucuruvi;https://pt.wikipedia.org/wiki/Shopping_Metr%C3%B4_Tucuruvi;
Morumbi Shopping;https://pt.wikipedia.org/wiki/Morumbi_Shopping;
Pátio Higienópolis;https://pt.wikipedia.org/wiki/Shopping_P%C3%A1tio_Higien%C3%B3polis;
West Plaza;https://pt.wikipedia.org/wiki/Shopping_West_Plaza;
;https://pt.wikipedia.org/wiki/S%C3%A3o_Paulo_(cidade);
Portal da cidade de São Paulo;https://pt.wikipedia.org/wiki/Portal:S%C3%A3o_Paulo_(cidade);
v;https://pt.wikipedia.org/wiki/Predefini%C3%A7%C3%A3o:Ibovespa;
e;https://pt.wikipedia.org//pt.wikipedia.org/w/index.php?title=Predefini%C3%A7%C3%A3o:Ibovespa&action=edit;
;https://pt.wikipedia.org/wiki/Brasil;
Ibovespa;https://pt.wikipedia.org/wiki/Ibovespa;
AmBev;https://pt.wikipedia.org/wiki/AmBev;
Banco do Brasil;https://pt.wikipedia.org/wiki/Banco_do_Brasil;
BB Seguridade;https://pt.wikipedia.org/wiki/BB_Seguridade;
BM&F Bovespa;https://pt.wikipedia.org/wiki/Bolsa_de_Valores,_Mercadorias_e_Futuros_de_S%C3%A3o_Paulo;
Bradesco;https://pt.wikipedia.org/wiki/Bradesco;
Bradespar;https://pt.wikipedia.org/wiki/Bradespar;
BrMalls;https://pt.wikipedia.org/wiki/BrMalls;
Braskem;https://pt.wikipedia.org/wiki/Braskem;
BRF;https://pt.wikipedia.org/wiki/BRF;
CCR;https://pt.wikipedia.org/wiki/Grupo_CCR;
CEMIG;https://pt.wikipedia.org/wiki/Companhia_Energ%C3%A9tica_de_Minas_Gerais;
CESP;https://pt.wikipedia.org/wiki/Companhia_Energ%C3%A9tica_de_S%C3%A3o_Paulo;
CETIP;https://pt.wikipedia.org/wiki/CETIP;
Cia. Hering;https://pt.wikipedia.org/wiki/Companhia_Hering;
Cielo;https://pt.wikipedia.org/wiki/Cielo;
Copel;https://pt.wikipedia.org/wiki/Companhia_Paranaense_de_Energia;
Cosan;https://pt.wikipedia.org/wiki/Cosan;
CPFL Energia;https://pt.wikipedia.org/wiki/CPFL_Energia;
CSN;https://pt.wikipedia.org/wiki/Companhia_Sider%C3%BArgica_Nacional;
Cyrela Brazil Realty;https://pt.wikipedia.org/wiki/Cyrela;
EcoRodovias;https://pt.wikipedia.org/wiki/EcoRodovias;
Embraer;https://pt.wikipedia.org/wiki/Embraer;
EDP - Energias do Brasil;https://pt.wikipedia.org/wiki/EDP_no_Brasil;
Equatorial;https://pt.wikipedia.org/wiki/Equatorial_Energia;
Estácio;https://pt.wikipedia.org/wiki/Est%C3%A1cio_Participa%C3%A7%C3%B5es;
Fibria;https://pt.wikipedia.org/wiki/Fibria;
Gerdau;https://pt.wikipedia.org/wiki/Gerdau;
Metalúrgica Gerdau;https://pt.wikipedia.org/wiki/Metal%C3%BArgica_Gerdau;
GPA;https://pt.wikipedia.org/wiki/GPA;
Hypermarcas;https://pt.wikipedia.org/wiki/Hypermarcas;
Itaúsa;https://pt.wikipedia.org/wiki/Ita%C3%BAsa;
Itaú Unibanco;https://pt.wikipedia.org/wiki/Ita%C3%BA_Unibanco;
JBS;https://pt.wikipedia.org/wiki/JBS;
Klabin;https://pt.wikipedia.org/wiki/Klabin;
Kroton Educacional;https://pt.wikipedia.org/wiki/Kroton_Educacional;
Localiza;https://pt.wikipedia.org/wiki/Localiza;
Lojas Americanas;https://pt.wikipedia.org/wiki/Lojas_Americanas;
Lojas Renner;https://pt.wikipedia.org/wiki/Lojas_Renner;
Marfrig;https://pt.wikipedia.org/wiki/Marfrig;
MRV;https://pt.wikipedia.org/wiki/MRV_Engenharia;
Multiplan;https://pt.wikipedia.org/w/index.php?title=Multiplan&action=edit&redlink=1;
Natura;https://pt.wikipedia.org/wiki/Natura;
Oi;https://pt.wikipedia.org/wiki/Oi_(empresa);
Petrobras;https://pt.wikipedia.org/wiki/Petrobras;
Petrobras Distribuidora;https://pt.wikipedia.org/wiki/Petrobras_Distribuidora;
Qualicorp;https://pt.wikipedia.org/w/index.php?title=Qualicorp&action=edit&redlink=1;
RaiaDrogasil;https://pt.wikipedia.org/wiki/RaiaDrogasil;
Rumo Logística;https://pt.wikipedia.org/wiki/Rumo_Log%C3%ADstica;
Sabesp;https://pt.wikipedia.org/wiki/Companhia_de_Saneamento_B%C3%A1sico_do_Estado_de_S%C3%A3o_Paulo;
Santander Brasil;https://pt.wikipedia.org/wiki/Banco_Santander_(Brasil);
Smiles;https://pt.wikipedia.org/wiki/Smiles_(programa_de_milhagem);
Suzano Papel e Celulose;https://pt.wikipedia.org/wiki/Suzano_Papel_e_Celulose;
Telefônica Vivo;https://pt.wikipedia.org/wiki/Telef%C3%B4nica_Vivo;
TIM Brasil;https://pt.wikipedia.org/wiki/TIM_Brasil;
Tractebel;https://pt.wikipedia.org/wiki/Tractebel;
Ultrapar;https://pt.wikipedia.org/wiki/Grupo_Ultra-Ultrapar;
Usiminas;https://pt.wikipedia.org/wiki/Usiminas;
Vale;https://pt.wikipedia.org/wiki/Vale_S.A.;
WEG;https://pt.wikipedia.org/wiki/WEG_S.A.;
v;https://pt.wikipedia.org/wiki/Predefini%C3%A7%C3%A3o:Maiores_Bolsas_de_Valores_por_capitaliza%C3%A7%C3%A3o;
e;https://pt.wikipedia.org//pt.wikipedia.org/w/index.php?title=Predefini%C3%A7%C3%A3o:Maiores_Bolsas_de_Valores_por_capitaliza%C3%A7%C3%A3o&action=edit;
Maiores bolsas de valores por capitalização de mercado;https://pt.wikipedia.org/wiki/Lista_de_bolsas_de_valores;
;https://pt.wikipedia.org/wiki/Estados_Unidos;
NYSE;https://pt.wikipedia.org/wiki/New_York_Stock_Exchange;
;https://pt.wikipedia.org/wiki/Estados_Unidos;
NASDAQ;https://pt.wikipedia.org/wiki/NASDAQ;
;https://pt.wikipedia.org/wiki/Jap%C3%A3o;
Tokyo;https://pt.wikipedia.org/wiki/Bolsa_de_Valores_de_T%C3%B3quio;
;https://pt.wikipedia.org/wiki/Pa%C3%ADses_Baixos;
;https://pt.wikipedia.org/wiki/Fran%C3%A7a;
;https://pt.wikipedia.org/wiki/B%C3%A9lgica;
;https://pt.wikipedia.org/wiki/Portugal;
Euronext;https://pt.wikipedia.org/wiki/Euronext;
;https://pt.wikipedia.org/wiki/Reino_Unido;
;https://pt.wikipedia.org/wiki/It%C3%A1lia;
LSE Group;https://pt.wikipedia.org/wiki/London_Stock_Exchange_Group_plc;
;https://pt.wikipedia.org/wiki/Hong_Kong;
Hong Kong;https://pt.wikipedia.org/wiki/Hong_Kong_Stock_Exchange;
;https://pt.wikipedia.org/wiki/China;
Shanghai;https://pt.wikipedia.org/wiki/Shanghai_Stock_Exchange;
;https://pt.wikipedia.org/wiki/Canad%C3%A1;
Toronto;https://pt.wikipedia.org/wiki/Toronto_Stock_Exchange;
;https://pt.wikipedia.org/wiki/China;
Shenzhen;https://pt.wikipedia.org/wiki/Shenzhen_Stock_Exchange;
;https://pt.wikipedia.org/wiki/Alemanha;
Frankfurt;https://pt.wikipedia.org/wiki/Deutsche_B%C3%B6rse;
;https://pt.wikipedia.org/wiki/Su%C3%AD%C3%A7a;
Zurique;https://pt.wikipedia.org/wiki/SIX_Swiss_Exchange;
;https://pt.wikipedia.org/wiki/%C3%8Dndia;
Mumbai BSE;https://pt.wikipedia.org/wiki/Bombay_Stock_Exchange;
;https://pt.wikipedia.org/wiki/%C3%8Dndia;
Mumbai NSE;https://pt.wikipedia.org/wiki/National_Stock_Exchange_of_India;
;https://pt.wikipedia.org/wiki/Austr%C3%A1lia;
Sidney;https://pt.wikipedia.org/wiki/Australian_Securities_Exchange;
;https://pt.wikipedia.org/wiki/Coreia_do_Sul;
Seul;https://pt.wikipedia.org/wiki/Korea_Exchange;
;https://pt.wikipedia.org/wiki/Uni%C3%A3o_Europeia;
NASDAQ OMX Nordic Exchange;https://pt.wikipedia.org/wiki/NASDAQ_OMX_Group;
;https://pt.wikipedia.org/wiki/Espanha;
Madrid;https://pt.wikipedia.org/wiki/Bolsas_y_Mercados_Espa%C3%B1oles;
;https://pt.wikipedia.org/wiki/Brasil;
São Paulo;https://pt.wikipedia.org/wiki/BM%26F_Bovespa;
;https://pt.wikipedia.org/wiki/%C3%81frica_do_Sul;
Joanesburgo;https://pt.wikipedia.org/wiki/Bolsa_de_Valores_de_Joanesburgo;
;https://pt.wikipedia.org/wiki/Rep%C3%BAblica_da_China;
Taiwan;https://pt.wikipedia.org/wiki/Taiwan_Stock_Exchange;
;https://pt.wikipedia.org/wiki/Ficheiro:ThreeCoins.svg;
Portal de economia e negócios;https://pt.wikipedia.org/wiki/Portal:Economia_e_neg%C3%B3cios;
;https://pt.wikipedia.org/wiki/Ficheiro:Flag_of_Brazil.svg;
Portal do Brasil;https://pt.wikipedia.org/wiki/Portal:Brasil;
;https://pt.wikipedia.org/wiki/Ficheiro:S%C3%A3o_Paulo_City_flag.svg;
Portal da cidade de São Paulo;https://pt.wikipedia.org/wiki/Portal:S%C3%A3o_Paulo_(cidade);
;https://pt.wikipedia.org/wiki/Ficheiro:Bandeira_do_Estado_de_S%C3%A3o_Paulo.svg;
Portal de São Paulo;https://pt.wikipedia.org/wiki/Portal:S%C3%A3o_Paulo;
https://pt.wikipedia.org/w/index.php?title=B3_(bolsa_de_valores)&oldid=51669416;https://pt.wikipedia.orghttps://pt.wikipedia.org/w/index.php?title=B3_(bolsa_de_valores)&oldid=51669416;
Categorias;https://pt.wikipedia.org/wiki/Especial:Categorias;
BM&FBOVESPA;https://pt.wikipedia.org/wiki/Categoria:BM%26FBOVESPA;
Empresas no Ibovespa;https://pt.wikipedia.org/wiki/Categoria:Empresas_no_Ibovespa;
Fundações em São Paulo em 2008;https://pt.wikipedia.org/wiki/Categoria:Funda%C3%A7%C3%B5es_em_S%C3%A3o_Paulo_em_2008;
!Páginas que usam hiperligações mágicas ISBN;https://pt.wikipedia.org/wiki/Categoria:!P%C3%A1ginas_que_usam_hiperliga%C3%A7%C3%B5es_m%C3%A1gicas_ISBN;
!Artigos que carecem de notas de rodapé desde agosto de 2017;https://pt.wikipedia.org/wiki/Categoria:!Artigos_que_carecem_de_notas_de_rodap%C3%A9_desde_agosto_de_2017;
!Artigos do Brasil que carecem de notas de rodapé;https://pt.wikipedia.org/wiki/Categoria:!Artigos_do_Brasil_que_carecem_de_notas_de_rodap%C3%A9;
!Website oficial diferente no Wikidata e na Wikipedia;https://pt.wikipedia.org/wiki/Categoria:!Website_oficial_diferente_no_Wikidata_e_na_Wikipedia;
!Nome de usuário do Twitter que não está no Wikidata;https://pt.wikipedia.org/wiki/Categoria:!Nome_de_usu%C3%A1rio_do_Twitter_que_n%C3%A3o_est%C3%A1_no_Wikidata;
